,F3for10,F4for10,P3for10,P4for10,F3for15,F4for15,P3for15,P4for15,F3for18,F4for18,P3for18,P4for18
3109,1.064199185824574,3.102978104042601,2.92678176083097,4.135634090639504,3.9773587352984876,3.152678422099188,-0.7083606884735157,-1.0156575896296731,-5.418481168588734,1.8749557657029519,0.07265097915998642,-0.735689746563993
3087,-0.5412085358023374,0.4528502152965583,-0.3569487391483026,0.7325034624641894,-1.3639910018917847,-2.5389439052603775,1.0626806911822322,1.3545865617697546,-1.69769446100294,-1.5906118365494966,-0.37930305764419064,-0.8501310264413398
3076,3.2025849128520925,0.25790393219718855,-0.01765302084680145,0.18868724046443475,-245.1108391393744,-118.92312934548383,-1.0606941957603673,-1.6495921955206805,-3.7632691330291763,-5.213675868226335,-1.4102882291995171,-1.461885357444734
